{"cameraMode":{"drawMode":0,"name":"Shaded","section":"Shading Mode"},"sceneLighting":true,"audioPlay":false,"sceneViewState":{"m_AlwaysRefresh":true,"showFog":true,"showSkybox":true,"showFlares":true,"showImageEffects":true,"showParticleSystems":true,"showVisualEffectGraphs":true,"m_FxEnabled":true},"in2DMode":false,"pivot":{"x":-102.2264404296875,"y":-51.565269470214847,"z":284.40850830078127},"rotation":{"x":-0.15240679681301118,"y":0.02514735795557499,"z":-0.003386475145816803,"w":-0.9882415533065796},"size":110.31724548339844,"orthographic":false}