{"cameraMode":{"drawMode":0,"name":"Shaded","section":"Shading Mode"},"sceneLighting":true,"audioPlay":false,"sceneViewState":{"m_AlwaysRefresh":true,"showFog":true,"showSkybox":true,"showFlares":true,"showImageEffects":true,"showParticleSystems":true,"showVisualEffectGraphs":true,"m_FxEnabled":true},"in2DMode":false,"pivot":{"x":-33.61785125732422,"y":8.579456329345704,"z":298.44097900390627},"rotation":{"x":0.014713047072291375,"y":0.1516551375389099,"z":-0.0030536132398992779,"w":0.9885914325714111},"size":111.1835708618164,"orthographic":false}