{"cameraMode":{"drawMode":0,"name":"Shaded","section":"Shading Mode"},"sceneLighting":true,"audioPlay":false,"sceneViewState":{"m_AlwaysRefresh":true,"showFog":true,"showSkybox":true,"showFlares":true,"showImageEffects":true,"showParticleSystems":true,"showVisualEffectGraphs":true,"m_FxEnabled":true},"in2DMode":false,"pivot":{"x":-77.74058532714844,"y":-19.619749069213868,"z":163.91046142578126},"rotation":{"x":0.20768316090106965,"y":0.1439797729253769,"z":-0.030885957181453706,"w":0.9672377705574036},"size":45.361637115478519,"orthographic":false}