{"cameraMode":{"drawMode":0,"name":"Shaded","section":"Shading Mode"},"sceneLighting":true,"audioPlay":false,"sceneViewState":{"m_AlwaysRefresh":true,"showFog":true,"showSkybox":true,"showFlares":true,"showImageEffects":true,"showParticleSystems":true,"showVisualEffectGraphs":true,"m_FxEnabled":true},"in2DMode":false,"pivot":{"x":-161.40802001953126,"y":-90.63864135742188,"z":206.9873504638672},"rotation":{"x":-0.30833831429481509,"y":0.26616668701171877,"z":-0.09023230522871018,"w":-0.9090311527252197},"size":103.50057983398438,"orthographic":false}