{"cameraMode":{"drawMode":0,"name":"Shaded","section":"Shading Mode"},"sceneLighting":true,"audioPlay":false,"sceneViewState":{"m_AlwaysRefresh":true,"showFog":true,"showSkybox":true,"showFlares":true,"showImageEffects":true,"showParticleSystems":true,"showVisualEffectGraphs":true,"m_FxEnabled":true},"in2DMode":false,"pivot":{"x":-89.82560729980469,"y":0.41991424560546877,"z":80.1778564453125},"rotation":{"x":0.0024705480318516495,"y":0.9845229387283325,"z":-0.1750904768705368,"w":0.014147321693599224},"size":17.65655517578125,"orthographic":false}