{"cameraMode":{"drawMode":0,"name":"Shaded","section":"Shading Mode"},"sceneLighting":true,"audioPlay":false,"sceneViewState":{"m_AlwaysRefresh":true,"showFog":true,"showSkybox":true,"showFlares":true,"showImageEffects":true,"showParticleSystems":true,"showVisualEffectGraphs":true,"m_FxEnabled":true},"in2DMode":false,"pivot":{"x":35.67400360107422,"y":-106.16790771484375,"z":233.7379150390625},"rotation":{"x":0.2521180212497711,"y":0.36518797278404238,"z":-0.10357411950826645,"w":0.8903542757034302},"size":124.79763793945313,"orthographic":false}