{"cameraMode":{"drawMode":0,"name":"Shaded","section":"Shading Mode"},"sceneLighting":true,"audioPlay":false,"sceneViewState":{"m_AlwaysRefresh":true,"showFog":true,"showSkybox":true,"showFlares":true,"showImageEffects":true,"showParticleSystems":true,"showVisualEffectGraphs":true,"m_FxEnabled":true},"in2DMode":false,"pivot":{"x":-95.16319274902344,"y":-99.08453369140625,"z":263.9697570800781},"rotation":{"x":-0.27689120173454287,"y":-0.008566433563828469,"z":0.003277498297393322,"w":-0.961125910282135},"size":110.25346374511719,"orthographic":false}